epoch,loss,val_loss
0,2.5092663764953613,2.6471805572509766
