epoch,loss,val_loss
0,3.0601882934570312,2.6120877265930176
